2025	第48回日本大学理工学部学術賞 学会・協会賞	日本大学理工学部	enで紡ぐ東静岡
2025	Area Management Research Award 2025 研究報告部門	全国エリアマネジメントネットワーク、エリアマネジメント研究交流会	
2024	まちづくりアイデアコンペ in 東静岡 都市デザイン部門 学生未来賞	静岡市	enで紡ぐ東静岡
2024	第47回日本大学理工学部学術賞 学会・協会賞	日本大学理工学部	地域特性からみたエリアプラットフォームの組織及び活動の特徴
2024	International Parklet Symposium 2024 Best Abstract Proposal	Bela Urbanism ほか	Characteristics and Challenges of Japanese Parklets
2023	第46回日本大学理工学部学術賞 学会・協会賞	日本大学理工学部	
2023	Area Management Research Award 2023 調査報告部門	エリアマネジメント研究交流会	地域特性からみたエリアプラットフォームの組織及び活動の特徴
2022	第45回日本大学理工学部学術賞 学会・協会賞（3点）	日本大学理工学部	
2022	Area Management Research Award 2022 研究報告部門	エリアマネジメント研究交流会	エリアビジョンの策定プロセス及び将来像実現に向けた取り組みの傾向
2022	マチミチコンペ in 大宮ウォーカブルシティ 入賞	さいたま市	Connect 〜“大宮らしさ”で生む繋がり〜
2021	「編集部が選ぶ建築人2021」選出	日経アーキテクチュア	建築界の常識を断ってブレークスルー
2021	グッドデザイン賞2021	公益財団法人日本デザイン振興会	路上駐車スペース活用の普及啓発活動［Park(ing)Day Japan］
2021	グッドデザイン賞2021	公益財団法人日本デザイン振興会	公共空間の変革に向けた普及啓発
2020	「編集部が選ぶ10大建築人」選出	日経アーキテクチュア	
2014	黒石市「こみせ」再生提案競技 保全修理部門 優秀賞	黒石市	こみせマネジメントのデザイン
2013	学生まちづくりコンペティション2013 商品企画部門 優秀賞	株式会社まちづくりとやま	neo Marche.（ネオマルシェ）
2007	第9回提案競技「美しくまちをつくる、むらをつくる」まちづくり提案の部 神崎町長賞	日本建築学会関東支部	ママまちづくり
