2026-07	街の魅力、活用策語る ひじりばし博覧会2026 座談会や朗読会で	読売新聞	https://www.yomiuri.co.jp/local/tokyo23/news/20260720-GYTNT00261/
2026-07	アメ横周辺の路上にテーブルやいす…飲食店主ら書類送検 道路不正利用疑い 常態化に苦情相次ぎ	東京新聞	https://www.tokyo-np.co.jp/article/501412
2026-01	道路空間の活用でまちはおもしろくなる	東京人 2026年2月号 特集「まちの隙間、暮らしの余白」	
2025-12	都市の贈り物、公開空地（도시의 선물, 공개공지）	D'LIVE 딜라이브 다큐	https://www.youtube.com/watch?v=YAne1BA7UHA
2025-09	屋外空間を通じて、“豊かな日常”をつくる。パブリックスペースの可能性を探究する「ソトノバ」の仕事	greenz	https://greenz.jp/2025/09/16/workforgood_sotonoba/
2024-10	都市を「つくり変える」には首長のリーダーシップがカギ	日経グローカル 493号	
2023-11	「裏天満」の客席が公道塞ぐ、「不法占拠」是正指導…東京浅草・福岡中洲でも	読売新聞	https://www.yomiuri.co.jp/local/kansai/news/20231102-OYO1T50031/
2023-10	アートアーバニズムは持続可能か 深井厚志 × 泉山塁威	季刊誌『tattva』Vol.9	https://bootleg.co.jp/news/2023/09/11/tattva-vol9/
2023-10	駅とホール間にバスを 苫小牧 北大院・森教授が講演	北海道新聞	
2023-08	巻頭インタビュー「地域を豊かにする道路空間の構築に向けて」	月刊道路 8月号	
2023-04	駅の“休憩スペース”は誰のもの？ 若者＆中高年の迷惑行為で一部閉鎖に…専門家が指摘する問題点	Yahoo!ニュース	https://news.yahoo.co.jp/articles/ea979cde400b04f045a6b7c084520de8d4207f9a
2023-04	#アベプラ「公共スペースが迷惑行為で閉鎖 ルールの厳格化は難しい？あり方を考える」	ABEMA Prime	https://abema.tv/video/episode/89-66_s99_p4685
2023-04	JCDデザインシンポジウム SECTION 63「BOUNDARY 越境するクリエイティブ」谷尻誠、山田能資、泉山塁威	商店建築 2023年4月号	https://shotenkenchiku.com/products/detail.php?product_id=432
2023-03	Making Weather Control a Reliable Part of “City Infrastructure”: A Tag Team of Technology and Social Systems – Yohei Sawada x Rui Izumiyama	Moonshot (JST) note	https://note-moonshot.jst.go.jp/n/n1bd6cf429ca7
2023-02	気象制御が、信頼できる“まちのインフラ”になるには？ 技術と社会制度の両輪から考える 澤田洋平×泉山塁威	ムーンショット（JST）note	https://note-moonshot.jst.go.jp/n/n295cb6cf7d1c
2022-11	進む公開空地の商業利用、鍵は行政の規制緩和。	株式会社Mellow／SHOP STOP	https://prtimes.jp/main/html/rd/p/000000103.000031879.html
2022-03	鼎談 ウィズコロナにおける働き方の変容と魅力的なまちづくり（馬場正尊、山崎満弘、泉山塁威）	全国市街地再開発協会	https://www.uraja.or.jp/book/cic/
2022-02	まちづくりの新たな「コモニング」を可能にする、市民参加のためのタクティカル・アーバニズム	NEC未来創造会議	https://wisdom.nec.com/ja/series/future/2022022401/index.html
2022-01	「ほこみち」から「面白いまちづくり」へ！ 歩くことが楽しくなる道路の活用方法とは？	国土交通省 ほこみち研究会	https://hokomichi.mlit.go.jp/post-220/
2021-12	「プレみや」始動、関係者に聞く 公共空間の活用法、探る	毎日新聞（栃木）	https://mainichi.jp/articles/20211214/ddl/k09/100/123000c
2021-12	公共空間を利用した、にぎわいづくり	東京人 2022年2月号	
2021-11	空き地有効活用利用を	室蘭民報	
2021-09	“身近な目的地”が点在するウォーカブルシティ	多摩未来協創会議	https://www.tama-mirai.org/program/06/01/
2021-08	（短評）『タクティカル・アーバニズム』泉山塁威ほか編著	日本経済新聞	https://www.nikkei.com/article/DGKKZO74751530T10C21A8MY6000/
2021-06	コロナ後も愛される場の条件とは ― 都市戦術家と働き方研究者が対談	WORKMILL	https://workmill.jp/webzine/20210629-tacticalurbanism-office-2.html
2021-06	泉山塁威さんと語る、タクティカル・アーバニズムとコロナ後のオフィス	WORKMILL	https://workmill.jp/webzine/tacticalurbanism-office-1.html
2021-06	企業がまちと関わっていくチャンス 長期的な価値創出を見据え地域貢献にとどまらない取組みを	月刊レジャー産業資料	https://www.sogo-unicom.co.jp/leisure/mag/202106.html
2021-01	somemore people VOL.8 泉山塁威（2） 自分のこだわりに出会うために	somemore	https://somemore-jp.com/content/interview/2021/01/29/2409/
2021-01	somemore people VOL.8 泉山塁威（1） 小さなアクションから、都市を変えていく	somemore	https://somemore-jp.com/content/interview/2021/01/22/2407/
2020-12	編集部が選ぶ建築人2021	日経アーキテクチュア	
2020-12	ストリートモールが文化をつくる 人中心の商業施設	FNMNL	https://fnmnl.tv/2020/12/08/111868
2020-11	もっと『新しい日常』の中で商店街が元気になるために！	TOKYO MX	https://s.mxtv.jp/genki/index.html?theme_number=60
2020-09	渋谷区／玉川上水旧水路緑道再整備で区民会議／85人が将来の姿を議論	建設通信新聞	
2020-09	首都圏で広がるテラス営業、飲食店ににぎわいを	日本経済新聞	https://www.nikkei.com/article/DGXMZO63949980X10C20A9940M00/
2020-09	過密都市・東京で「社会的距離」を保つには？ 海外に学ぶ街づくり最前線	Forbes JAPAN	https://forbesjapan.com/articles/detail/37008/1/1/1
2020-09	ウィズコロナ時代に住みたい街は？ 「緑の山手線」エリア人気上昇中	Forbes JAPAN	https://forbesjapan.com/articles/detail/36861
2020-09	コロナによって変わるライフスタイルと都市 ～泉山塁威（るい）さんに聞く～	Kirin Well-being Design Lab	https://www.kirin.co.jp/csv/well-being/future/hint/36.html
2020-09	商店街に希望？ 新型コロナで「半径500mのつながり」が再評価	Forbes JAPAN	https://forbesjapan.com/articles/detail/36777
2020-09	「都市の公共性、ユニクロの公共性」商業空間は公共性を持つか 5	商店建築	https://www.shotenkenchiku.com/products/detail.php?product_id=368
2020-08	広がる飲食店のオープンテラス 「3密」回避し路上に商機、国が占有基準緩和	京都新聞	https://www.kyoto-np.co.jp/articles/-/326526
2020-08	エリアマネジメント研究を基礎に、パブリックスペース利活用を促進へ。実践の場づくりで人材育成も	不動産流通 2020年9月号	https://shop.re-port.net/fudosanryutsu/202009/
2020-07	【対談】ウィズコロナの都市デザイン考 ピクトグラムの源流はスペイン風邪だった	Forbes JAPAN	https://forbesjapan.com/articles/detail/36020
2020-07	「飲食店の路上利用緩和」ができない街の末路 単なる飲食店救助策と捉えると見誤る	東洋経済オンライン	https://toyokeizai.net/articles/-/360559
2020-06	コロナで消える昭和 ロケ地に幕	産経新聞	
2020-05	ササハタハツエリアの可能性 ―ササハタハツ（仮称）まちラボフューチャーセッション参加を通じて―	ササハタハツ新聞	http://shhfan.com/mrizumiyama.html/
2020-03	水辺活用のトレンドを10のキーワードで解説 「MIZBERING FORUM 2020220」リポート	日経BP 新・公民連携最前線	https://project.nikkeibp.co.jp/atclppp/PPP/report/032500231/
2020-03	広場の可能性は住民が広げる	RE EDIT	
2020-01	「街路」の基準づくりが都市を変える（GRASP vol.14「道」が変わる！新たなチャレンジ 後編）	国土交通省 GRASP	https://www.magazine.mlit.go.jp/interview/vol14-b-2/
2020-01	「道路空間の新しい姿」へ時代が動く（GRASP vol.14「道」が変わる！新たなチャレンジ 前編）	国土交通省 GRASP	https://www.magazine.mlit.go.jp/interview/vol14-b-1/
2019-12	「広場」が都市を変える？ イベントで賑わう街・渋谷で始まる新たな試み	BLOGOS	https://blogos.com/article/425858/
2019-12	タクティカル・アーバニズムでまちをアップデートする	エリマネポータル	https://erimane.com/interview-sotonoba/
2019-10	公共空間で遊ぼう！ タクティカル・アーバニズムの事例から学ぶ、ほしいパブリックスペースのつくり方	greenz	https://greenz.jp/2019/10/03/tactical_urbanism/
2019-06	Society5.0時代における都市とテクノロジーが共存する政策とアーバニズム	日本規格協会 JSA GROUP Webdesk	https://sotonoba.place/techcity-publicspace
2019-05	日本に「オープンカフェ」が少ない理由って？ “住みたい街”の条件が見えてきた	SUUMOジャーナル	https://suumo.jp/journal/2019/05/09/164059/
