2026	en	Institutionalising Tactical Urbanism and Challenges to Permanent Parklets: A Comparative Institutional Analysis of Japan and San Francisco	Rui IZUMIYAMA, So Fukatsu, Natsumi Harada, Takafumi Someya, Asahi Maeda	The Journal of Public Space, 11(2), special issue on “Parklets, Temporary Uses and Co-creation of Public Space”		掲載予定
2026	ja	ウォーカブルシティ実現に向けた駐車場適正化の実態及び方策 ―ウォーカブル推進都市395自治体の現状把握及び類型別の対応検討―	川崎海渡, 佐藤陸, 髙田悠真, 山之内陽起, 泉山塁威	日本都市計画学会 都市計画論文集, 61(3)		
2026	en	Beyond the Western paradigm: re-evaluating the 15-minute city through the lens of Japanese transit-oriented urbanism	Rui Izumiyama, Hiroto Inamori, Zhou Zhiye, Taichi Saito, Shoki Tsuta	Journal of Urbanism: International Research on Placemaking and Urban Sustainability, pp.1–5	10.1080/17549175.2026.2709376	
2026	en	Regulatory Sequencing and Placemaking: A Genealogy of Public Space Governance in Japan and Its Convergences with Global Urbanism (1998–2025)	Rui IZUMIYAMA, Hiroto Inamori, Tomohiro Ueda, Ayaka Numasawa, Junhwan Song, Yoshihisa Oyabu	Past Present and Future of Public Space, 6th International Conference, City Space Architecture, Bologna		
2026	ja	日本のパークレット導入期における道路空間再編の実態及び制度的課題 ―サンフランシスコ市との比較分析を通じて―	泉山塁威, 深津壮, 植田智大, 室田悠介, 宇於﨑勝也	日本建築学会計画系論文集, 91(845), pp.1641–1651	10.3130/aija.91.1641	
2026	ja	海外都市のパークレットにおける計画及び空間的特徴 ―米国カリフォルニア州サンフランシスコ市を対象として―	植田智大, 室田悠介, 深津壮, 本田薫子, 山本夏海, 泉山塁威	2025年度第96回日本建築学会関東支部研究発表会		若手優秀研究報告賞
2026	ja	「アイレベル空間」の特徴及び「歩行者が認識する地域の個性」の関係性 ―東京都中央区銀座地区を対象として―	松田晃太, 児玉陽斗, 原田夏実, 泉山塁威	2025年度第96回日本建築学会関東支部研究発表会		優秀研究報告集
2026	ja	Park-PFIを用いた都市公園における「市民セクター」の参画体制及び連携傾向	菅原悠希, 本田薫子, 吉田薫澄, 泉山塁威	2025年度第96回日本建築学会関東支部研究発表会		若手優秀研究報告賞
2026	ja	天神ビッグバン及び博多コネクティッドにおける建物更新の実態把握 ―2015-2025年の建物規模・用途・地価変動の記録―	中村佳乃, 山之内陽起, 吉田薫澄, 泉山塁威	福岡アジア都市研究所 研究紀要『都市政策研究』第27号		
2025	ja	エリアマネジメント団体との連携有無からみたエリアプラットフォーム団体の特徴 ―全国74団体の分析及び事例研究を通して―	小野寺瑞穂, 深津壮, 五味桃花, 泉山塁威	日本都市計画学会 都市計画論文集, 60(3), pp.1345–1352	10.11361/journalcpij.60.1345	
2025	ja	BID制度の段階的活用に向けた「実験的BID制度」によるエリアマネジメント手法の提案 ―シンガポールにおける「Pilot BID Programme」の仕組み及び成果の分析―	深津壮, 小野寺瑞穂, 泉山塁威	日本都市計画学会 都市計画論文集, 60(3), pp.579–586	10.11361/journalcpij.60.579	
2025	ja	公共空間におけるマーケットの運営傾向及び配置計画の特徴 ―東京都23区のマーケット147事例の空間利用特性に基づく分析―	児玉陽斗, 細矢瑞稀, 遠藤優奈, 福井勇仁, 泉山塁威	日本都市計画学会 都市計画論文集, 60(3), pp.571–578	10.11361/journalcpij.60.571	
2025	ja	東京都港区新虎通りにおける「アイレベル空間形成手法」及び留意点 ―「アイレベル空間施策」、空間的特徴及び利用者評価の分析を通して―	松田晃太, 中村佳乃, 飛田龍佑, 森本あんな, 泉山塁威	日本都市計画学会 都市計画論文集, 60(2), pp.211–224	10.11361/journalcpij.60.211	
2025	en	Influence of communication frequency between urban revitalization corporations and local governments on quality of community activities	Misaki Ueno, Rui Izumiyama, Yusuke Yabutani, Junhwan Song, Yoshihiro Matsushita	The International Real Estate Review, 27(4), pp.71–89		
2025	ja	Park-PFIにおける公募対象公園施設の配置傾向及び施設計画の関係	鈴木雷真, 坂本愛佳, 竹中彩, 菅原悠希, 深津壮, 泉山塁威	2024年度日本建築学会関東支部研究報告集		優秀研究報告集
2025	ja	東京都23区における『マーケット』の開催と近隣地域の関係	細矢瑞稀, 児玉陽斗, 福井勇仁, 遠藤優奈, 深津壮, 泉山塁威	2024年度日本建築学会関東支部研究報告集		優秀研究報告集
2025	ja	都心商業地における交通及び滞留機能の関係性に基づく道路ネットワークの特徴 ―東京都港区新橋地区を対象として―	倉田晃輔, 佐野充季, 泉山塁威	2024年度日本建築学会関東支部研究報告集		優秀研究論文集
2025	ja	中心市街地における「Local Liveability Indicator」の適用に関する基礎的研究	佐野充季, 福井勇仁, 染矢嵩文, 泉山塁威	日本建築学会技術報告集, 31(77), pp.508–513		
2024	ja	都市再生推進法人制度を活かした公民連携まちづくり推進のための課題整理 ―指定・継続に関わる手続きの運用状況および推進法人・行政間のコミュニケーション頻度に着目して―	松下佳広, 宋俊煥, 籔谷祐介, 上野美咲, 木原一郎, 泉山塁威, 小林敏樹	日本都市計画学会 都市計画論文集		
2024	ja	大都市都心部のエリアマネジメントにおける「ビジョンマネジメント」の実態及び方法論	一之瀬大雅, 小野寺瑞穂, 泉山塁威, 宇於﨑勝也	日本都市計画学会 都市計画論文集, 59(3)		
2024	ja	全国45公園におけるPark-PFIの適用傾向及び課題	菅原悠希, 久志木ひま梨, 竹中彩, 一之瀬大雅, 泉山塁威	日本都市計画学会 都市計画論文集, 59(3), pp.1636–1643		
2024	en	Characteristics and Challenges of Japanese Parklets: An International Comparative Study on the Transition from Temporary to Permanent Installations	Rui IZUMIYAMA, Yohei IKAI, Yuya ISHIDA, Takafumi SOMEYA, Soichiro HARADA, Natsumi HARADA, So FUKATSU, Asahi MAEDA	Proceedings of International Parklet Symposium 2024		Best Abstract Proposal
2024	ja	駐車場の地域ルールの運用実態と課題に関する研究 ―東京都の業務地区の事例分析から―	宇於﨑勝也, 泉山塁威	日本都市計画学会 都市計画論文集, 59(1), pp.36–42	10.11361/journalcpij.59.36	
2023	ja	「防災道の駅」の現状と今後の整備の方向性 ―選定要件の充足状況と駐車場規模に着目して―	宇於崎勝也, 泉山塁威	日本建築学会技術報告集		
2023	ja	歩車共存に向けた車道占用による空間活用実験の成果と課題 ―Park(ing)Day2021 神田を事例として―	中島伸, 泉山塁威, 菅原遼, 森本あんな, 一之瀬大雅, 小野寺瑞穂, 飛田龍佑, 原唯菜	日本都市計画学会 都市計画論文集		
2023	ja	道路占用許可関連制度の網羅的傾向と変遷からみた緩和規定の特徴及び課題 ―道路占用許可の特例、国家戦略道路占用事業及び道路協力団体制度を対象として―	泉山塁威, 宇於﨑勝也	日本建築学会計画系論文集, 88(804), pp.568–579		
2022	ja	ウォーカブル推進に向けた計画・事業及び指標に関する傾向 ―まちなかウォーカブル区域指定の53自治体の分析を通じて―	森本あんな, 薄井まどか, 泉山塁威, 宇於﨑勝也	日本都市計画学会 都市計画論文集, 57(3), pp.606–613		
2022	ja	公共空間におけるバスカー制度の可能性と課題 ―東京都「ヘブンアーティスト事業」、柏市「ストリートミュージシャン登録制度」及びメルボルン市「Busking Permits」との比較を通じて―	泉山塁威, 猪飼洋平, 松川真友子	日本建築学会計画系論文集, 87(800)		
2021	ja	新型コロナウイルス感染症影響下における屋外空間の利用動向	湯淺かさね, 宋俊煥, 泉山塁威, 三浦詩乃, 村上早紀子	日本建築学会計画系論文集, 86(790)		
2021	ja	都心部におけるストリートマネジメント実現に向けての主体形成及び醸成に関する研究	野原卓, 宋俊煥, 泉山塁威, 木原一郎	日本都市計画学会 都市計画論文集, 56(1), pp.201–216	10.11361/journalcpij.56.201	
2020	ja	エリアマネジメント団体の雇用形態からみた事務局人材と活動特性の傾向分析	宋俊煥, 籔谷祐介, 泉山塁威, 保井美樹	日本都市計画学会 都市計画論文集, 55(3), pp.821–828	10.11361/journalcpij.55.821	
2020	ja	生きづらさを抱えた人の居場所づくりを通じた支援の実態と可能性	高階麻美, 後藤智香子, 新雄太, 近藤早映, 泉山塁威, 吉村有司, 小泉秀樹	日本都市計画学会 都市計画論文集, 55(3), pp.968–975		
2020	ja	Study on the Significance of Derivation between Community-Based Organizations as Seen from Development History of Sungmi-san Village in South Korea	梁イェリム, 後藤智香子, 泉山塁威, 近藤早映, 新雄太, 小泉秀樹	日本建築学会計画系論文集, 85(773), pp.1503–1512	10.3130/aija.85.1503	
2020	en	Research on the relationship between human retention behavior and solar radiation and wind environment in public open space	Kaoru MATSUO, Rui IZUMIYAMA, Shihona ARAI, Yusuke HORIE, Akiko TANIMURA, Riki NOMOTO	The Journal of Public Space, 5(2), pp.111–128		
2019	ja	都市利便増進協定を活用した、公民連携による公共空間マネジメントの可能性と課題に関する研究	松下佳広, 泉山塁威, 小泉秀樹	日本都市計画学会 都市計画論文集, 54(3), pp.441–448		
2019	ja	全国の都市公園における公募を通じた収益施設の設置実態と立地条件の関係	山崎嵩拓, 宋俊煥, 泉山塁威, 横張真	日本都市計画学会 都市計画論文集, 54(2), pp.136–143		
2019	ja	道路空間における滞在のための設えと活動 ―宇都宮市オリオン通りオープンカフェの実践を通して―	安森亮雄, 渡邉翼, 泉山塁威	日本建築学会技術報告集, 25(59), pp.337–342	10.3130/aijt.25.337	
2018	ja	「設置管理許可制度」を用いたパークマネジメントにおける設置管理事業者の関与実態に関する研究	宋俊煥, 山崎嵩拓, 泉山塁威	日本建築学会計画系論文集, 84(760), pp.1295–1304	10.3130/aija.84.1295	
