2026	博多まちづくりガイドライン2026 未来ビジョン2040
2026	中野南口のまちづくりを考える会 2025年度年間活動報告書
2026	Well-Moving City SAPPORO 2045 ビジョン
2025	ナカノミナミ・ピクニックデイ〜食べて・遊んで・アートに触れよう〜
2025	ササハタハツエリアビジョンレビューブック2025
2025	みどりによる地域価値向上に向けた、多様な主体が連携した効果的な取組 研究Report
2025	アイレベル・ゲームガイド 日本版
2025	秋葉原ウォーカブルビジョン
2025	マーケットストリート社会実験2024 in 秋葉原ジャンク通り 調査報告書
2024	マーケットストリート社会実験2024 in 秋葉原ジャンク通り
2024	ナカメ未来ビジョン
2023	ウォーカブルシティ・国際シンポジウム2023
2023	秋葉原ウォーカブル基礎調査報告書
2023	下田市立地適正化計画
2023	たちきたエリアマネジメントビジョン Ver.0.5 Vision Book 2023
2023	中野駅周辺エリアマネジメントビジョン
2023	街なかマネジメント事業（プレイスメイキングうつのみや）支援業務報告書
2023	ストリートライフお茶の水調査報告書
2023	プレイスメイキング三軒茶屋2022年度活動報告書
2022	ストリートライフお茶の水
2022	令和3年度 下田市における歩車共存によるウォーカブルなまちの調査研究業務
2022	三条通デザインアイデアブック
2022	ササハタハツエリアビジョンブック
2022	竹芝Marine-Gateway Minatoビジョン
2021	Park(ing)Day2021神田
2021	中野駅周辺エリアマネジメント研究会 研究成果報告書
2021	Park(ing)Dayガイド
2021	プレイス・ゲーム｜プレイスメイキング・ガイド
2021	Placemaking Week JAPAN 2021
2021	南池袋二丁目B地区アーバンデザインプロジェクト研究成果報告書
2020	Park(ing)Day2020
2020	ストリートデザインガイドライン ―居心地が良く歩きたくなる街路づくりの参考書―
2019	Tactical Urbanism Japan 2019
2019	Park(ing)day2019渋谷宮益坂
2018	さいたま新都心エリアマネジメント検討プロジェクト
2018	渋谷中央街フェス2018・アクティビティ調査プロジェクト
2018	パブリックライフフェスさいたま新都心2018
2018	Park(ing)day2018Numazu
2018	竹芝ミライズ
2017	Shinjuku Street Seats
2017	美園マチなかロビー・滞留空間創出社会実験
2017	神田警察通り賑わい社会実験2017
2017	丸の内仲通り利活用アイデア実験祭
2017	渋谷中央街フェス2017・アクティビティ調査プロジェクト
2017	Park(ing)day2017OMIYA
2015	FLAT PARKあつぎ・サードプレイス社会実験
2015	池袋駅東口グリーン大通りオープンカフェ社会実験＆GREEN BLVD MARKET
2014	池袋駅東口グリーン大通りオープンカフェ社会実験（2014、2015春）
2010	高梁市歴史的風致維持向上計画
2009	姫路駅北駅前広場整備プロジェクト
